ablation,colocated_goodput,colocated_p95_ttft,colocated_p99_e2e,decode_capacity_multiplier,disaggregated_goodput,disaggregated_p95_ttft,disaggregated_p99_e2e,prefill_capacity_multiplier,transfer_per_prompt_token
kv_transfer,0.4266666666666667,1.8673559116002039,2.5996987492381636,,0.7833333333333333,1.193002373330138,1.655901451851872,,0.0
kv_transfer,0.4266666666666667,1.8673559116002039,2.5996987492381636,,0.7583333333333333,1.2646378296984435,1.853464479172318,,5e-06
kv_transfer,0.4266666666666667,1.8673559116002039,2.5996987492381636,,0.745,1.2812780447906105,1.8719481000929106,,1.5e-05
kv_transfer,0.4266666666666667,1.8673559116002039,2.5996987492381636,,0.715,1.2912706826888778,1.9160467500929073,,3e-05
kv_transfer,0.4266666666666667,1.8673559116002039,2.5996987492381636,,0.71,1.3685642267877383,1.9500859531955048,,6e-05
capacity_split,0.5083333333333333,1.7965150835257555,2.6119166302977437,1.2,0.805,1.165587983199727,1.8777281734071203,0.8,
capacity_split,0.4266666666666667,1.8673559116002039,2.5996987492381636,1.0,0.745,1.2812780447906105,1.8719481000929106,1.0,
capacity_split,0.37166666666666665,2.0310598652259273,2.674665901559427,0.8,0.6833333333333333,1.4050931702147047,1.953457347002527,1.2,
capacity_split,0.315,2.245357276211897,2.8261148534545466,0.7,0.6,1.5651012689347281,2.0936660871538817,1.4,
