request_id,arrival_time,first_token_time,finish_time,output_tokens,ttft,tpot,e2e_latency
0,0.012664419521369446,0.07759941952136945,0.5338994195213695,53,0.064935,0.008775000000000002,0.5212350000000001
1,0.13895751235642623,0.6236744195213695,1.0273244195213695,47,0.48471690716494326,0.008775000000000002,0.8883669071649434
2,0.7035440167557225,1.6126690009883529,2.2327211500583033,84,0.9091249842326303,0.007470507820119885,1.5291771333025808
3,0.7490202190590056,1.6126690009883529,1.9861943919943472,51,0.8636487819293472,0.007470507820119887,1.2371741729353416
4,0.764145307662685,1.6126690009883529,2.1580160718571046,74,0.8485236933256679,0.007470507820119887,1.3938707641944197
5,0.8081400281543195,1.6126690009883529,2.3896018142808213,105,0.8045289728340334,0.007470507820119889,1.5814617861265017
6,0.8219957574770496,1.6126690009883529,1.8293137277718297,30,0.7906732435113033,0.007470507820119889,1.00731797029478
7,1.21566038459825,3.0909562095037946,3.2354227645795737,21,1.8752958249055445,0.007223327753788955,2.019762379981324
8,1.2712734287421104,3.0909562095037946,3.5243558747311323,61,1.8196827807616842,0.0072233277537889625,2.2530824459890217
9,1.2745334130192438,3.0909562095037946,3.5532491857462882,65,1.8164227964845507,0.007223327753788963,2.278715772727044
10,1.8734283835059864,3.0909562095037946,3.3365493531326194,35,1.2175278259978082,0.007223327753788964,1.463120969626633
11,1.9579215175496212,3.0909562095037946,3.257092747840941,24,1.1330346919541734,0.007223327753788968,1.2991712302913196
12,2.163105982490163,3.0909562095037946,3.3509960086401973,37,0.9278502270136317,0.007223327753788965,1.1878900261500345
13,2.16946340030239,3.0909562095037946,3.2859860588560967,28,0.9214928092014048,0.0072233277537889695,1.116522658553707
14,2.6322881337803974,3.619728615965332,3.7425390834763643,16,0.9874404821849345,0.008187364500735494,1.110250949695967
15,3.2864583490035306,3.619728615965332,4.078221028006519,57,0.3332702669618013,0.008187364500735483,0.7917626790029884
16,5.09456594184854,5.48944094184854,6.14756594184854,76,0.39487499999999986,0.008775000000000002,1.053
17,5.496092314591782,6.674975778815983,7.149842919858641,59,1.1788834642242012,0.008187364500735485,1.6537506052668594
18,5.977940417155206,6.674975778815983,7.133468190857171,57,0.6970353616607774,0.008187364500735492,1.155527773701965
19,6.4085483878296285,7.647385504549018,8.066338514268779,59,1.23883711671939,0.0072233277537889695,1.6577901264391501
20,6.432002157958072,7.647385504549018,8.044668531007412,56,1.2153833465909463,0.007223327753788973,1.6126663730493398
21,6.453353949031802,7.647385504549018,7.979658581223311,47,1.194031555517216,0.007223327753788968,1.5263046321915086
22,6.469916191306303,7.647385504549018,8.326378313405181,95,1.1774693132427156,0.007223327753788963,1.8564621220988782
23,6.490272040054321,7.647385504549018,8.066338514268779,59,1.1571134644946977,0.0072233277537889695,1.576066474214458
24,6.717205055014379,7.647385504549018,8.441951557465805,111,0.9301804495346397,0.007223327753788965,1.724746502451426
25,6.834754313241249,7.647385504549018,8.102455153037724,64,0.8126311913077693,0.007223327753788974,1.2677008397964746
26,8.214330709914012,8.546576557465805,8.730851557465805,22,0.33224584755179265,0.008774999999999977,0.5165208475517922
27,8.684022123912147,8.823056557465804,9.121406557465804,35,0.13903443355365752,0.008774999999999977,0.43738443355365675
28,8.76565365245667,9.67608203807568,10.134574450116867,57,0.9104283856190101,0.008187364500735475,1.3689207976601967
29,8.795476019125067,9.67608203807568,10.16732390811981,61,0.8806060189506137,0.008187364500735494,1.3718478889947434
30,9.306301309355186,10.240384700597373,10.486005635619437,31,0.9340833912421864,0.008187364500735464,1.1797043262642504
31,9.88328070402288,10.240384700597373,10.71525184164003,59,0.35710399657449265,0.008187364500735485,0.8319711376171508
32,10.63133512014505,11.15122775294448,11.454160239471694,38,0.5198926327994311,0.008187364500735497,0.8228251193266445
33,10.633374292321308,11.15122775294448,11.470534968473164,40,0.5178534606231722,0.008187364500735464,0.8371606761518553
34,10.789184708868012,11.828077219045014,12.179474953919494,47,1.0388925101770017,0.007639081192923476,1.3902902450514816
35,10.968129790446353,11.828077219045014,12.164196791533648,45,0.8599474285986606,0.007639081192923508,1.196067001087295
36,11.157062942567286,11.828077219045014,12.164196791533648,45,0.6710142764777274,0.007639081192923508,1.0071338489663617
37,11.408848858241083,11.828077219045014,12.164196791533648,45,0.4192283608039311,0.007639081192923508,0.7553479332925654
38,11.71587995707789,13.032407113716443,13.69281809446507,85,1.3165271566385535,0.00786203548510269,1.9769381373871795
39,11.857477704976734,13.032407113716443,13.323302426665244,38,1.1749294087397093,0.007862035485102706,1.4658247216885094
40,12.009886129586329,13.032407113716443,13.787162520286302,97,1.0225209841301144,0.007862035485102689,1.7772763906999725
41,13.150409897730723,14.567806229927877,14.918920097473512,48,1.4173963321971534,0.007470507820119896,1.7685101997427886
42,13.274205356055932,14.567806229927877,14.769509941071114,28,1.2936008738719451,0.007470507820119886,1.495304585015182
43,13.63039715969489,14.567806229927877,14.776980448891234,29,0.9374090702329863,0.007470507820119884,1.146583289196343
44,13.633413565795259,14.567806229927877,14.844215019272312,38,0.9343926641326181,0.007470507820119868,1.2108014534770533
45,13.695124403118044,14.567806229927877,14.814332987991833,34,0.8726818268098331,0.007470507820119874,1.119208584873789
46,13.969353507009869,15.83145581823116,16.279591840882013,58,1.8621023112212907,0.007862035485102692,2.310238333872144
47,13.999394192631645,15.83145581823116,16.232419627971396,52,1.8320616255995148,0.007862035485102678,2.2330254353397514
48,14.375964185306877,15.83145581823116,15.996558563418315,22,1.4554916329242822,0.007862035485102649,1.6205943781114378
49,15.361813047522487,17.192561042083014,17.805799809921023,79,1.830747994560527,0.007862035485102682,2.443986762398536
50,15.441534730689552,17.192561042083014,18.08883308738472,115,1.7510263113934617,0.007862035485102692,2.6472983566951687
51,15.826516803568806,17.192561042083014,18.11241919384003,118,1.366044238514208,0.007862035485102696,2.2859023902712234
52,16.338680046325738,18.87654483479546,19.082800027004396,28,2.5378647884697223,0.007639081192923537,2.744119980678658
53,16.37433718061227,18.87654483479546,19.35780694994964,64,2.5022076541831915,0.0076390811929235,2.983469769337372
54,17.911897326548992,18.87654483479546,19.319611543985022,59,0.9646475082464683,0.007639081192923485,1.4077142174360304
55,18.064745031800303,18.87654483479546,19.082800027004396,28,0.8117998029951572,0.007639081192923537,1.0180549952040927
56,18.163149152079093,20.25236278148159,20.4161100714963,21,2.089213629402497,0.008187364500735405,2.2529609194172053
57,19.185258054352946,20.25236278148159,20.391547977994094,18,1.067104727128644,0.008187364500735499,1.2062899236411475
58,19.694626767861227,20.49311223769581,20.673939053853175,24,0.7984854698345849,0.007862035485102767,0.9793122859919485
59,19.77755918623545,20.49311223769581,20.768283479674405,36,0.7155530514603612,0.007862035485102682,0.9907242934389551
60,20.165149068894888,20.49311223769581,20.705387195793584,28,0.3279631688009239,0.007862035485102685,0.5402381268986964
61,20.543036749682923,20.850487411194123,21.149244759628026,39,0.3074506615112007,0.007862035485102692,0.606208009945103
62,20.56752381737962,20.850487411194123,21.04703829832169,26,0.28296359381450387,0.007862035485102723,0.47951448094207194
63,20.732927900436835,20.850487411194123,21.204279008023743,46,0.11755951075728888,0.00786203548510266,0.47135110758690857
64,21.62382909150058,22.262244091500577,23.227494091500578,111,0.6384149999999984,0.00877500000000001,1.6036649999999995
65,21.653664374736618,24.079342550189153,24.661133176086754,75,2.4256781754525356,0.007862035485102706,3.007468801350136
66,23.121919353619408,24.079342550189153,24.952028489035552,112,0.9574231965697457,0.00786203548510269,1.8301091354161443
67,23.16351394485943,24.079342550189153,24.92058034709514,108,0.9158286053297218,0.007862035485102673,1.7570664022357079
68,23.252865728010406,25.024859626926126,25.39838501793212,51,1.7719938989157207,0.007470507820119892,2.1455192899217153
69,23.321573169535284,25.024859626926126,25.323679939730923,41,1.703286457390842,0.007470507820119909,2.0021067701956383
70,23.72060883580435,25.024859626926126,25.189210798968762,23,1.3042507911217776,0.0074705078201198205,1.4686019631644136
71,24.75016577794301,25.024859626926126,25.48803111177356,63,0.2746938489831159,0.007470507820119878,0.7378653338305483
72,24.869166346664972,25.024859626926126,25.316209431910803,40,0.15569328026115414,0.007470507820119912,0.4470430852458307
73,25.523705373115185,26.246630373115185,26.492330373115184,29,0.722925,0.008774999999999977,0.9686249999999994
74,25.547052508037286,26.915351579360284,27.03757687844706,17,1.3682990713229977,0.007639081192923447,1.4905243704097728
75,26.071789397254182,26.915351579360284,27.182719421112605,36,0.8435621821061012,0.007639081192923466,1.1109300238584225
76,26.436255174279765,26.915351579360284,27.65634245507386,98,0.47909640508051865,0.007639081192923486,1.2200872807940968
77,26.45216153634254,26.915351579360284,27.251471151848918,45,0.46319004301774314,0.007639081192923508,0.7993096155063775
78,26.895902299919747,28.183157831223138,28.891043951094456,99,1.2872555313033907,0.007223327753788963,1.995141651174709
79,26.91144855592955,28.183157831223138,28.30595440303755,18,1.2717092752935883,0.007223327753788938,1.3945058471080003
80,26.97377591160869,28.183157831223138,28.746577396018676,79,1.2093819196144473,0.007223327753788949,1.7728014844099853
81,27.12117024781375,28.183157831223138,28.537100891158797,50,1.0619875834093868,0.007223327753788963,1.415930643345046
82,27.15791674762861,28.183157831223138,28.45764428586712,39,1.0252410835945263,0.007223327753788966,1.299727538238507
83,27.227014858303736,28.183157831223138,28.609334168696687,60,0.9561429729194018,0.007223327753788974,1.3823193103929512
84,27.23588503965376,28.183157831223138,28.833257329064146,91,0.9472727915693788,0.0072233277537889825,1.5973722894103872
85,27.659084447524414,28.96602768458615,29.272318505211068,42,1.3069432370617378,0.007470507820119907,1.613234057686654
86,28.426758795570368,28.96602768458615,29.309671044311667,47,0.5392688890157835,0.007470507820119898,0.8829122487412988
87,28.5323724088325,28.96602768458615,29.09302631752819,18,0.4336552757536509,0.0074705078201198205,0.5606539086956879
88,28.56762020885792,28.96602768458615,29.287259520851308,44,0.39840747572823076,0.007470507820119903,0.7196393119933866
89,28.882260277548927,28.96602768458615,29.24990698175071,39,0.08376740703722518,0.007470507820119914,0.3676467042017819
90,29.44171555429382,29.533380554293817,29.866830554293816,39,0.091664999999999,0.008774999999999977,0.42511499999999813
91,29.493517623318887,30.521878891701252,30.81277420465005,38,1.0283612683823655,0.007862035485102658,1.3192565813311639
92,29.700747294988798,30.521878891701252,30.734153849799025,28,0.8211315967124548,0.007862035485102685,1.0334065548102274
93,29.84369335528824,30.521878891701252,30.72629181431392,27,0.6781855364130109,0.007862035485102635,0.8825984590256795
94,29.88090081469928,31.280342250308387,31.712754201989036,56,1.3994414356091056,0.00786203548510271,1.8318533872897547
95,30.044143551347673,31.280342250308387,31.421858889040234,19,1.2361986989607132,0.007862035485102621,1.3777153376925604
96,30.204606373914448,31.280342250308387,31.52406535034657,32,1.0757358763939386,0.00786203548510274,1.3194589764321236
97,31.19250439897477,32.518696691683076,32.70700607519999,24,1.3261922927083063,0.00818736450073549,1.5145016762252226
98,31.218460789207846,32.518696691683076,32.854378636213234,42,1.3002359024752295,0.008187364500735567,1.6359178470053877
99,32.122489322714074,32.95495363621323,33.20942863621323,30,0.832464313499159,0.008774999999999977,1.0869393134991583
100,33.426820199416746,33.48122519941675,33.94630019941675,54,0.0544050000000027,0.008774999999999977,0.5194800000000015
101,33.51776768967437,34.67720761441053,34.865896466052995,25,1.159439924736155,0.007862035485102817,1.3481287763786227
102,33.63800620764067,34.67720761441053,35.04672328221035,48,1.0392014067698554,0.007862035485102642,1.4087170745696795
103,33.66821858477154,34.67720761441053,35.455549127435695,100,1.0089890296389896,0.00786203548510271,1.787330542664158
104,35.77847337672674,36.23625837672674,36.37665837672674,17,0.4577850000000012,0.008774999999999977,0.5981850000000009
105,36.54487526952756,36.64356026952756,36.90681026952756,31,0.09868500000000324,0.008774999999999977,0.36193500000000256
106,36.81983826279987,36.952305269527564,37.18045526952756,27,0.13246700672769407,0.008774999999999977,0.3606170067276935
107,39.513160102211785,39.566215102211785,40.110265102211784,63,0.05305500000000052,0.008774999999999977,0.5971049999999991
108,40.14680862312966,40.19905362312966,40.743103623129656,63,0.05224499999999921,0.008774999999999977,0.5962949999999978
109,40.16880755203922,40.80911295604452,41.12023280707247,39,0.6403054040053036,0.008187364500735433,0.95142525503325
110,40.60158294266004,40.80911295604452,41.16116962957615,44,0.20753001338448485,0.008187364500735534,0.5595866869161128
111,41.29069754943527,41.37750254943527,41.52667754943527,18,0.08680499999999824,0.008774999999999977,0.23597999999999786
112,41.34554111316214,41.63076254943527,42.13093754943527,58,0.285221436273126,0.008774999999999977,0.7853964362731247
113,42.3032506177063,42.3792556177063,42.8706556177063,57,0.0760050000000021,0.008774999999999977,0.5674050000000008
114,42.505659398655006,43.5534326137052,44.1756723157611,77,1.0477732150501922,0.008187364500735527,1.6700129171060922
115,42.51850814243289,43.5534326137052,44.38854379278022,103,1.034924471272305,0.008187364500735499,1.8700356503473259
116,43.08080030328312,44.45746112048694,44.778692956752096,44,1.3766608172038204,0.007470507820119903,1.6978926534689762
117,43.08878183653454,44.45746112048694,44.71892889419114,36,1.3686792839524031,0.007470507820119922,1.6301470576566004
118,43.23010611599173,44.45746112048694,44.6292828003497,24,1.2273550044952088,0.007470507820119975,1.3991766843579683
119,43.713084988484255,44.45746112048694,44.84592752713317,53,0.7443761320026852,0.0074705078201198205,1.1328425386489158
120,44.1512262698437,44.45746112048694,44.748810925471616,40,0.30623485064324285,0.007470507820119912,0.5975846556279194
121,45.515655808776174,46.41462080877617,46.87092080877617,53,0.8989649999999969,0.008774999999999977,1.3552649999999957
122,45.59437184776793,47.67602583206687,47.9897871605119,43,2.0816539842989386,0.0074705078201198205,2.395415312743971
123,45.62586100936766,47.67602583206687,47.840377004109506,23,2.050164822699209,0.0074705078201198205,2.214515994741845
124,45.80419639548335,47.67602583206687,48.6247803252221,128,1.8718294365835177,0.007470507820119905,2.8205839297387456
125,46.501086535726,47.67602583206687,48.60983930958186,126,1.1749392963408667,0.0074705078201199055,2.108752773855855
126,46.53940004890392,47.67602583206687,47.89267055885035,30,1.1366257831629483,0.007470507820119943,1.3532705099464266
127,49.31233421590039,49.41371921590039,49.79981921590039,45,0.1013850000000005,0.008774999999999977,0.4874849999999995
128,49.32731691129842,49.89445421590039,50.07872921590039,22,0.567137304601971,0.008774999999999977,0.7514123046019705
129,50.68078765422832,50.74680265422832,51.24697765422832,58,0.06601500000000016,0.008774999999999977,0.5661899999999989
130,51.73788797429136,51.79283297429136,52.301782974291356,59,0.05494499999999647,0.008774999999999977,0.5638949999999952
131,51.82372529217795,52.688017974291355,52.916167974291355,27,0.8642926821134083,0.008774999999999977,1.0924426821134077
132,52.43164665428092,53.33129297429136,53.94554297429136,71,0.8996463200104401,0.008774999999999977,1.5138963200104385
133,54.61209492738949,54.70753992738949,55.04098992738949,39,0.095444999999998,0.008774999999999977,0.42889499999999714
134,54.6160218614851,55.848812806300245,56.028934825316426,23,1.232790944815143,0.008187364500735518,1.4129129638313245
135,54.79391578182212,55.848812806300245,56.25818103133702,51,1.054897024478123,0.008187364500735442,1.4642652495148951
136,56.19178307984815,56.3345329768715,56.65687643176071,42,0.14274989702335006,0.007862035485102616,0.4650933519125573
137,56.19944883764039,56.3345329768715,56.82984121243297,64,0.13508413923111107,0.007862035485102649,0.6303923747925779
138,56.24980490793705,56.3345329768715,56.47604961560335,19,0.08472806893445295,0.007862035485102817,0.22624470766630367
139,56.71402430254269,57.68020789737201,58.122325580411726,55,0.9661835948293174,0.00818736450073553,1.408301277869036
140,56.827849468553,57.68020789737201,58.065014028906575,48,0.8523584288190094,0.008187364500735478,1.2371645603535768
141,56.98110111240685,58.21210058041173,58.60697558041173,46,1.2309994680048817,0.008774999999999977,1.6258744680048807
142,58.1598144556654,59.32567519586884,59.60832120000701,38,1.165860740203442,0.007639081192923573,1.4485067443416142
143,58.2082342873415,59.32567519586884,59.54720855046362,30,1.1174409085273425,0.007639081192923547,1.3389742631221253
144,58.37018621939659,59.32567519586884,59.65415568716455,44,0.9554889764722532,0.007639081192923421,1.2839694677679603
145,58.46234584661782,59.32567519586884,60.1888913706692,114,0.8633293492510177,0.007639081192923512,1.7265455240513745
146,58.61422126472348,60.921348106817256,61.65090420994994,102,2.3071268420937727,0.00722332775378898,3.0366829452264597
147,59.01534574231211,60.921348106817256,61.30418447776807,54,1.9060023645051487,0.007223327753788915,2.288838735455961
148,59.020204119681416,60.921348106817256,61.275291166752915,50,1.901143987135839,0.007223327753788963,2.2550870470714983
149,59.15435981357732,60.921348106817256,61.347524444290805,60,1.7669882932399332,0.007223327753788974,2.1931646307134827
150,59.54873783418587,60.921348106817256,61.347524444290805,60,1.372610272631384,0.007223327753788974,1.7987866101049335
151,59.98548465853675,60.921348106817256,61.09470797290819,25,0.9358634482805073,0.0072233277537889036,1.109223314371441
152,59.99400529508497,60.921348106817256,61.058591334139244,20,0.9273428117322879,0.007223327753788872,1.0645860390542765
153,61.140231044664084,61.73905920994994,61.87945920994994,17,0.5988281652858589,0.008774999999999977,0.7392281652858586
154,62.125803011618814,62.20666801161882,62.452368011618816,29,0.08086500000000285,0.008774999999999977,0.3265650000000022
155,62.24371262271331,62.518847441837856,62.81359256386433,37,0.2751348191245455,0.008187364500735464,0.5698799411510223
156,62.250491958164105,62.518847441837856,63.01827667638272,62,0.2683554836737514,0.008187364500735456,0.7677847182186142
157,63.32815544917344,63.41172044917344,63.876795449173436,54,0.08356500000000011,0.008774999999999977,0.5486399999999989
158,63.81281862888797,63.924720449173435,64.13532044917343,25,0.11190182028546758,0.008774999999999977,0.32250182028546703
159,63.978916235394976,64.22239544917343,64.38034544917343,19,0.24347921377845694,0.008774999999999977,0.40142921377845653
160,65.84807784286076,65.91112284286076,66.28844784286076,44,0.06304500000000246,0.008774999999999977,0.4403700000000015
161,66.91414556019342,66.99204056019342,67.45711556019342,54,0.07789499999999805,0.008774999999999977,0.5429699999999968
162,66.99751722366409,67.52016056019342,67.76586056019342,29,0.5226433365293275,0.008774999999999977,0.7683433365293268
163,68.3330092286068,68.7710842286068,69.2888092286068,60,0.43807499999999777,0.008774999999999977,0.9557999999999964
164,69.33079487909819,69.3946498790982,69.9035998790982,59,0.06385500000000377,0.008774999999999977,0.5728050000000025
165,69.4859671542349,69.97195969853396,70.36495319456927,49,0.4859925442990658,0.008187364500735464,0.8789860403343681
166,69.54316533255317,69.97195969853396,70.2093932690553,30,0.42879436598079224,0.008187364500735608,0.6662279365021249
167,70.52122273215468,70.60694773215468,70.76489773215468,19,0.0857249999999965,0.008774999999999977,0.2436749999999961
168,70.62722352515493,70.83010273215469,71.07580273215468,29,0.2028792069997536,0.008774999999999977,0.44857920699975296
169,70.80928257535446,71.5539910486751,71.96281689390044,53,0.7447084733206424,0.007862035485102635,1.1535343185459794
170,70.93840601842707,71.5539910486751,71.91564468098983,47,0.6155850302480275,0.007862035485102767,0.9772386625627547
171,70.95181804666518,71.5539910486751,71.73481786483246,24,0.6021730020099199,0.007862035485102767,0.7829998181672835
172,71.95066751091706,72.05583189390043,72.31030689390043,30,0.10516438298337505,0.008774999999999977,0.3596393829833744
173,72.11431226939222,72.41223189390043,72.91240689390042,58,0.29791962450821075,0.008774999999999977,0.7980946245082094
174,72.36945714004726,73.22782330394273,73.7388556104744,66,0.858366163895468,0.00786203548510269,1.369398470427143
175,72.75362502782787,73.22782330394273,73.77816578789992,71,0.474198276114862,0.007862035485102784,1.0245407600720569
176,72.81490196224657,73.22782330394273,73.50299454592133,36,0.4129213416961619,0.007862035485102784,0.6880925836747593
177,72.91325491052288,74.29560576267694,74.59442607548173,41,1.3823508521540617,0.0074705078201198205,1.6811711649588545
178,73.06751465451684,74.29560576267694,74.54213252074089,34,1.2280911081601005,0.007470507820119713,1.474617866224051
179,73.1031495130808,74.29560576267694,74.55707353638114,36,1.1924562495961482,0.007470507820119922,1.4539240233003454
180,73.29135320027224,74.29560576267694,74.62430810676221,45,1.0042525624047016,0.0074705078201198205,1.3329549064899737
181,73.64948235860533,74.29560576267694,74.48983896600006,27,0.6461234040716164,0.007470507820120094,0.8403566073947388
182,74.07918719931453,74.67601310676221,74.93926310676221,31,0.5968259074476805,0.008774999999999977,0.8600759074476798
183,74.69603441314092,75.0306576941028,75.4236511901381,49,0.3346232809618783,0.008187364500735464,0.7276167769971806
184,74.85840726287752,75.0306576941028,75.3090280871278,35,0.1722504312252795,0.00818736450073529,0.4506208242502794
185,75.49387327674641,75.55340827674641,75.86930827674641,37,0.059534999999996785,0.008774999999999977,0.37543499999999597
186,76.04915777644035,76.44565277644035,77.14765277644035,81,0.3964950000000016,0.008774999999999977,1.0984949999999998
187,76.08542904301639,77.23340619613077,77.61821232766535,48,1.1479771531143825,0.008187364500735629,1.532783284648957
188,76.2858171292329,77.23340619613077,77.53633868265798,38,0.9475890668978764,0.008187364500735449,1.250521553425088
189,77.22780477236121,78.11788642368619,78.57637883572737,57,0.8900816513249765,0.008187364500735381,1.3485740633661578
190,77.40637248891449,78.11788642368619,78.34713262970678,29,0.7115139347717019,0.008187364500735381,0.9407601407922925
191,77.66882876963169,78.6507246030124,78.84934071402841,27,0.9818958333807188,0.007639081192923396,1.1805119443967271
192,77.84407240642298,78.6507246030124,79.13198671816659,64,0.8066521965894253,0.0076390811929235,1.2879143117436058
193,77.87816596971537,78.6507246030124,79.0708740686232,56,0.772558633297038,0.007639081192923476,1.1927080989078291
194,78.44370986533555,78.6507246030124,79.0403177438515,52,0.2070147376768574,0.00763908119292346,0.5966078785159539
195,78.92163500728577,79.94050171816659,80.83555171816658,103,1.0188667108808147,0.008774999999999977,1.9139167108808124
196,79.3186021071883,81.56570727643637,82.290346534988,98,2.247105169248073,0.007470507820119931,2.971744427799706
197,79.33973666041832,81.56570727643637,81.82717505014057,36,2.2259706160180457,0.007470507820119922,2.487438389722243
198,79.77346882697474,81.56570727643637,81.97658520654296,56,1.7922384494616352,0.007470507820119885,2.203116379568229
199,80.0862020559873,81.56570727643637,81.90188012834176,46,1.4795052204490702,0.007470507820119742,1.8156780723544585
200,80.20641138685484,81.56570727643637,81.8047635266802,33,1.3592958895815315,0.0074705078201198205,1.5983521398253657
201,81.36364319810151,82.37021708915798,82.72925390522538,48,1.006573891056462,0.007639081192923443,1.3656107071238637
202,81.45662211584491,82.37021708915798,82.69869758045368,44,0.9135949733130673,0.007639081192923421,1.2420754646087744
203,81.50190579095828,82.37021708915798,82.62230676852445,34,0.8683112981996999,0.0076390811929235615,1.1204009775661774
204,81.70603147558121,82.37021708915798,82.52299871301645,21,0.6641856135767625,0.007639081192923669,0.8169672374352359
205,82.40146012843057,83.31714246331187,83.60849226829654,40,0.9156823348812964,0.007470507820119912,1.207032139865973
206,82.52867447858391,83.31714246331187,83.7803139481593,63,0.7884679847279585,0.007470507820119935,1.2516394695753945
207,82.5302200183126,83.31714246331187,84.19866238608601,119,0.7869224449992629,0.00747050782011988,1.6684423677734088
208,82.57050856539968,83.31714246331187,83.57861023701606,36,0.74663389791219,0.007470507820119922,1.0081016716163873
209,82.6083167819228,83.31714246331187,83.49643465099474,25,0.7088256813890723,0.0074705078201198205,0.888117869071948
210,83.10512596601775,84.82299238773767,85.02838746540822,29,1.7178664217199184,0.007335538488233746,1.9232614993904633
211,83.17961931318834,84.82299238773767,85.60055946749047,107,1.6433730745493307,0.007335538488233957,2.42094015430213
212,83.31946597341145,84.82299238773767,85.01371638843175,27,1.5035264143262168,0.007335538488233668,1.6942504150202922
213,83.32224609726377,84.82299238773767,85.13842054273172,44,1.5007462904738986,0.007335538488233769,1.8161744454679507
214,84.05718450232028,84.82299238773767,85.41717100528462,82,0.765807885417388,0.007335538488233884,1.3599865029643325
215,84.09178697237323,84.82299238773767,85.10174285029056,39,0.7312054153644425,0.007335538488234013,1.009955877917335
216,84.28986681426191,86.40704180789703,86.9188602478229,68,2.1171749936351176,0.00763908119292351,2.628993433560993
217,84.31562841421652,86.40704180789703,87.10219819645307,92,2.0914133936805115,0.007639081192923552,2.7865697822365547
218,84.43350904056308,86.40704180789703,86.83483035470074,57,1.9735327673339498,0.007639081192923415,2.401321314137661
219,85.24178210287954,86.40704180789703,86.56746251294842,22,1.1652597050174904,0.0076390811929235,1.325680410068884
220,87.44874525652513,87.51962025652513,87.80919525652513,34,0.07087500000000091,0.008774999999999977,0.36045000000000016
221,88.94700763469946,89.05028263469946,89.55045763469946,58,0.10327499999999645,0.008774999999999977,0.6034499999999952
222,89.42122393393313,90.52907263469946,91.63472263469946,127,1.1078487007663256,0.008774999999999977,2.2134987007663227
223,89.77259866639994,92.38110445648799,92.75173522494534,53,2.6085057900880457,0.007127514778025885,2.9791365585453917
224,90.16949358848075,92.38110445648799,92.62343995894088,35,2.2116108680072415,0.0071275147780261415,2.4539463704601303
225,90.85010999367528,92.38110445648799,93.08672841951255,100,1.5309944628127141,0.007127514778025901,2.2366184258372783
226,91.00011658720314,92.38110445648799,92.80875534316955,61,1.3809878692848514,0.0071275147780260305,1.8086387559664132
227,91.06356510262269,92.38110445648799,92.99407072739822,87,1.3175393538652997,0.007127514778025986,1.9305056247755346
228,91.43190549841424,92.38110445648799,92.63769498849692,37,0.949198958073751,0.007127514778025794,1.2057894900826795
229,91.59241976470838,92.38110445648799,93.1223659934027,105,0.7886846917796078,0.007127514778026021,1.529946228694314
230,91.6134504927095,92.38110445648799,93.10811096384664,103,0.7676539637784856,0.007127514778026003,1.4946604711371378
231,91.80606822607398,93.60574955346932,94.31729678682801,98,1.7996813273953478,0.007335538488233882,2.5112285607540343
232,91.88053525036133,93.60574955346932,93.88450001602222,39,1.7252143031079896,0.007335538488234013,2.003964765660882
233,91.95453563651031,93.60574955346932,93.7964735541634,27,1.6512139169590085,0.007335538488233668,1.841937917653084
234,91.98772780202289,93.60574955346932,94.43466540263975,114,1.6180217514464346,0.00733553848823388,2.446937600616863
235,92.37883847894392,93.60574955346932,93.77446693869871,24,1.226911074525404,0.007335538488234143,1.3956284597547892
236,92.49470009828912,93.60574955346932,93.75979586172224,22,1.1110494551802077,0.007335538488234084,1.2650957634331235
237,93.67078989985653,94.74324494451146,95.25086154355706,63,1.0724550446549301,0.00818736450073556,1.5800716437005349
238,94.2653697418574,94.74324494451146,95.55379403008428,100,0.4778752026540616,0.008187364500735518,1.288424288226878
239,94.99072128291688,95.63907735247052,96.08119503551023,55,0.6483560695536426,0.008187364500735398,1.090473752593354
240,94.99367804997277,95.63907735247052,95.83557410048817,25,0.6453993024977507,0.008187364500735464,0.8418960505154018
241,95.69382423899914,96.18285003551023,96.70057503551023,60,0.48902579651108624,0.008774999999999977,1.006750796511085
242,97.22722723399926,97.72254223399926,98.66146723399926,108,0.49531500000000506,0.008774999999999977,1.4342400000000026
243,97.91543027777469,99.09512877054127,99.38541385587236,39,1.1796984927665761,0.007639081192923482,1.4699835780976684
244,98.37765800025902,99.09512877054127,99.42360926183697,44,0.7174707702822474,0.007639081192923421,1.0459512615779545
245,98.39314050900866,99.09512877054127,99.56875180450253,63,0.7019882615326054,0.0076390811929235546,1.1756112954938658
246,98.40786769512849,99.09512877054127,99.72917250955392,84,0.6872610754127777,0.007639081192923541,1.3213048144254316
247,98.97624582662908,100.37758086896757,100.69831903397873,46,1.4013350423384878,0.007127514778025873,1.722073207349652
248,99.066434389564,100.37758086896757,100.81948678520519,63,1.3111464794035754,0.007127514778026061,1.7530523956411912
249,99.13470394364512,100.37758086896757,100.68406400442268,44,1.2428769253224488,0.007127514778025821,1.549360060777559
250,99.14837230282606,100.37758086896757,100.65555394531059,40,1.2292085661415086,0.007127514778026067,1.5071816424845252
251,99.56387854465108,100.37758086896757,100.55576873841822,26,0.8137023243164947,0.007127514778026125,0.9918901937671478
252,99.62821094945697,100.37758086896757,100.6056613418644,33,0.749369919510599,0.0071275147780260895,0.9774503924074338
253,99.66691947214032,100.37758086896757,101.0689498024361,98,0.7106613968272484,0.007127514778026025,1.4020303302957728
254,99.6967064386502,100.37758086896757,100.73395660786886,51,0.6808744303173739,0.0071275147780258405,1.037250169218666
255,99.72144274236926,101.86642289586827,102.78529535774301,124,2.144980153499006,0.007470507820119849,3.0638526153737473
256,99.95975647405966,101.86642289586827,102.11294965393222,34,1.906666421808609,0.007470507820119713,2.1531931798725594
257,100.85142683281299,101.86642289586827,102.1054791461121,33,1.0149960630552783,0.0074705078201198205,1.2540523132991126
258,100.89415470812135,101.86642289586827,102.04571508355114,25,0.9722681877469199,0.0074705078201198205,1.1515603754297956
259,100.94260887356117,101.86642289586827,102.18765473213342,44,0.9238140223070985,0.007470507820119903,1.2450458585722544
260,101.15796982770728,103.58550811830388,103.71997725906604,19,2.427538290596601,0.007470507820120215,2.562007431358765
261,101.91784396233396,103.58550811830388,103.93662198584951,48,1.6676641559699164,0.007470507820119896,2.0187780235155515
262,102.61953005066025,103.58550811830388,103.73491827470627,21,0.9659780676436327,0.0074705078201198205,1.115388224046029
263,102.73070241236792,103.58550811830388,103.84697589200807,36,0.8548057059359593,0.007470507820119922,1.1162734796401566
264,102.74103526388855,103.58550811830388,104.31761788467563,99,0.8444728544153293,0.007470507820119893,1.5765826207870788
265,102.81022427031627,104.39240592765813,104.56422760752089,24,1.582181657341863,0.007470507820119975,1.7540033372046224
266,102.93315186799403,104.39240592765813,104.72857877956352,46,1.4592540596641044,0.007470507820119742,1.7954269115694927
267,103.66129165545094,104.39240592765813,104.86304792032568,64,0.7311142722071935,0.007470507820119877,1.2017562648747457
268,103.71970263175967,104.39240592765813,104.79581334994461,55,0.672703295898458,0.007470507820119952,1.0761107181849354
269,103.78052260389794,104.39240592765813,104.51193405278005,17,0.6118833237601962,0.0074705078201198205,0.7314114488821133
270,105.45275308363826,105.55467808363825,105.76527808363825,25,0.10192499999999427,0.008774999999999977,0.3125249999999937
271,105.45437895058845,105.85991308363825,106.32498808363825,54,0.40553413304979813,0.008774999999999977,0.8706091330497969
272,106.01996831342836,106.39678848451756,106.65623565552595,34,0.37682017108919297,0.00786203548510271,0.6362673420975824
273,106.27260090388639,106.39678848451756,106.5383051232494,19,0.12418758063117252,0.007862035485102423,0.26570421936301614
274,106.31212060163116,106.39678848451756,106.8213384007131,55,0.08466788288639293,0.007862035485102685,0.509217799081938
275,106.80553406400284,106.8733134007131,107.2769634007131,47,0.06777933671025949,0.008774999999999977,0.47142933671025844
276,106.89806662787336,107.3224584007131,107.8050834007131,56,0.4243917728397406,0.008774999999999977,0.9070167728397394
277,107.35672677724256,107.86991749036753,108.36115936041166,61,0.5131907131249704,0.008187364500735584,1.0044325831691054
278,107.6145696234331,107.86991749036753,107.99272795787856,16,0.2553478669344287,0.008187364500735346,0.3781583344454589
279,107.8278147450754,108.43447694284269,108.83544075258293,52,0.6066621977672924,0.007862035485102609,1.0076260075075254
280,108.0592857566395,108.43447694284269,108.88261296549355,58,0.375191186203196,0.007862035485102755,0.8233272088540531
281,108.2679770578766,108.43447694284269,108.58385561705964,20,0.16649988496608614,0.007862035485102507,0.31587855918303376
282,109.13189333254509,110.04570833254509,110.73893333254509,80,0.9138149999999996,0.008774999999999977,1.6070399999999978
283,109.33431592126871,111.44101429805606,112.10928731428979,86,2.1066983767873495,0.007862035485102664,2.774971393021076
284,110.21650669831213,111.44101429805606,111.79480589488568,46,1.22450759974393,0.007862035485102739,1.5782991965735533
285,110.50240275996232,111.44101429805606,111.73977164648996,39,0.9386115380937383,0.007862035485102507,1.2373688865276335
286,112.18542017560426,112.23091517560427,112.55559017560427,38,0.045495000000002506,0.008774999999999977,0.37017000000000166
287,113.01106919739607,113.70456419739607,114.09943919739607,46,0.6934949999999986,0.008774999999999977,1.0883699999999976
288,113.34140677623675,115.07955273828877,115.25148739280421,22,1.738145962052016,0.008187364500735211,1.9100806165674555
289,113.99797745377543,115.07955273828877,115.9883501978704,112,1.0815752845133346,0.008187364500735449,1.9903727440949694
290,114.95228084024976,116.05777820747436,116.32504133436454,38,1.1054973672246007,0.007223327753788792,1.372760494114786
291,114.99760596127987,116.05777820747436,116.46228456168654,57,1.0601722461944831,0.007223327753789073,1.4646786004066712
292,115.13737260284213,116.05777820747436,116.47673121719411,59,0.9204056046322222,0.0072233277537889235,1.3393586143519798
293,115.6086023155556,116.05777820747436,116.38282795639486,46,0.44917589191875607,0.0072233277537890215,0.774225640839262
294,115.62316226369462,116.05777820747436,116.2239147458115,24,0.43461594377973256,0.007223327753788774,0.6007524821168744
295,115.72351085764197,116.05777820747436,116.37560462864107,45,0.3342673498323876,0.007223327753788957,0.6520937709991017
296,115.82342698320939,116.05777820747436,116.18057477928878,18,0.23435122426496946,0.007223327753789356,0.3571477960793885
297,116.88489378102115,117.24331878102115,117.72594378102114,56,0.3584249999999969,0.008774999999999977,0.8410499999999956
298,117.04656123922548,118.45945207867503,118.9704843852067,66,1.4128908394495454,0.00786203548510269,1.9239231459812203
299,117.23141847071795,118.45945207867503,119.04910474005773,76,1.228033607957073,0.007862035485102675,1.8176862693397737
300,117.3109954937734,118.45945207867503,118.89972606584078,57,1.1484565849016235,0.007862035485102734,1.5887305720673766
301,118.02074457911561,119.64091790769783,119.78829046871107,19,1.6201733285822115,0.008187364500735662,1.7675458895954534
302,118.53983663358719,119.64091790769783,120.04209876823387,50,1.1010812741106406,0.008187364500735598,1.502262134646685
303,119.32719274846413,120.90260124707086,121.22344265717365,43,1.575408498606734,0.0076390811929235,1.896249908709521
304,119.34284963120517,120.90260124707086,121.44497601176843,72,1.559751615865693,0.007639081192923519,2.102126380563263
305,119.52563974917379,120.90260124707086,121.34566795626043,59,1.3769614978970708,0.007639081192923547,1.8200282070866365
306,119.8461643185296,120.90260124707086,121.68942660994198,104,1.0564369285412596,0.007639081192923428,1.8432622914123726
307,120.12329522766858,122.03749500324534,122.38421473542721,49,1.914199775576762,0.0072233277537889036,2.2609195077586293
308,120.32412488025163,122.03749500324534,122.47811799622647,62,1.7133701229937088,0.007223327753789068,2.153993115974842
309,120.48210833670562,122.03749500324534,122.42033137419615,54,1.555386666539718,0.007223327753788915,1.9382230374905305
310,120.5463978231975,122.03749500324534,122.64425453456361,85,1.491097180047845,0.007223327753788988,2.09785671136612
311,120.55435579342412,122.03749500324534,122.18196155832112,21,1.4831392098212177,0.0072233277537890215,1.6276057648969982
312,121.27249659409026,122.03749500324534,122.28308814687416,35,0.7649984091550834,0.007223327753788938,1.0105915527839073
313,121.28773640603471,122.03749500324534,122.34087476890447,43,0.7497585972106293,0.0072233277537888186,1.0531383628697597
314,121.93247452198902,122.71517635258887,122.98659127665353,38,0.7827018305998479,0.007335538488233992,1.0541167546645056
315,122.30431266245452,122.71517635258887,122.98659127665353,38,0.41086369013434876,0.007335538488233992,0.6822786141990065
316,122.35728528801833,122.71517635258887,122.94991358421235,33,0.35789106457053776,0.0073355384882338726,0.5926282961940217
317,122.37341663024353,122.71517635258887,122.84721604537708,19,0.34175972234534413,0.0073355384882339714,0.4737994151335556
318,122.37430721834305,122.71517635258887,123.00859789211823,41,0.3408691342458212,0.00733553848823405,0.6342906737751832
319,122.5346243087927,122.71517635258887,123.16997973885937,63,0.18055204379616896,0.007335538488233844,0.6353554300666673
320,122.93762434114628,124.09509189516302,124.29158864318067,25,1.1574675540167476,0.008187364500735464,1.3539643020343988
321,123.0051217113776,124.09509189516302,125.0366388127476,116,1.0899701837854252,0.00818736450073543,2.0315171013699995
322,123.34265619620471,125.662602342599,125.79802512338149,20,2.3199461463942868,0.007127514778025856,2.455368927176778
323,123.76938954339136,125.662602342599,125.93344790416398,39,1.893212799207646,0.007127514778025856,2.1640583607726285
324,124.05971753608061,125.662602342599,125.78377009382544,18,1.6028848065183894,0.007127514778025723,1.7240525577448267
325,124.0630140061707,125.662602342599,125.96908547805411,44,1.5995883364282975,0.007127514778025821,1.9060714718834078
326,124.38779851981433,125.662602342599,126.16865589183884,72,1.2748038227846763,0.007127514778025877,1.7808573720245136
327,124.64380121473246,125.662602342599,125.89068281549584,33,1.0188011278665385,0.0071275147780260895,1.2468816007633734
328,124.70584842129755,125.662602342599,125.91206535982991,36,0.9567539213014555,0.007127514778025963,1.2062169385323642
329,124.71594688108108,125.662602342599,125.81940766771557,23,0.9466554615179206,0.007127514778025686,1.1034607866344857
330,124.89703153758612,126.23248526630653,126.57612862603204,47,1.3354537287204096,0.007470507820119975,1.6790970884459284
331,124.96006920227406,126.23248526630653,126.39683643834917,23,1.2724160640324698,0.007470507820120143,1.436767236075113
332,125.42617466041622,126.23248526630653,126.68071573551372,61,0.8063106058903031,0.0074705078201198205,1.2545410750974924
333,125.55406429610987,126.23248526630653,126.47901202437048,34,0.6784209701966546,0.007470507820119713,0.9249477282606051
334,125.85345071071654,126.23248526630653,126.43418897744976,28,0.3790345555899819,0.007470507820119952,0.5807382667332206
335,126.83710272858272,126.94037772858272,127.10710272858272,20,0.10327499999999645,0.008774999999999977,0.269999999999996
336,127.01929807721646,127.20065772858271,127.57798272858271,44,0.18135965136625032,0.008774999999999977,0.5586846513662493
337,127.48962938148344,128.64434772858272,129.72367272858273,124,1.1547183470992763,0.008775000000000093,2.2340433470992878
338,128.9639602257081,130.41821768209655,130.83874105400008,60,1.4542574563884614,0.0071275147780258934,1.874780828291989
339,128.97877403144932,130.41821768209655,130.76746590621983,50,1.4394436506472346,0.007127514778025963,1.7886918747705067
340,129.06420205630147,130.41821768209655,130.5964055515472,26,1.3540156257950855,0.007127514778026125,1.5322034952457386
341,129.0690790358309,130.41821768209655,130.81023099488797,56,1.3491386462656578,0.0071275147780258145,1.7411519590570776
342,129.1065011137658,130.41821768209655,130.7532108766638,48,1.311716568330752,0.007127514778026222,1.6467097628979843
343,129.27863387888715,130.41821768209655,130.58215052199114,24,1.1395838032094048,0.007127514778025433,1.3035166431039897
344,129.35534837451596,130.41821768209655,130.53225791854496,17,1.0628693075805984,0.007127514778025201,1.1769095440290016
345,129.6579452141435,130.41821768209655,130.68906324366154,39,0.7602724679530581,0.007127514778025856,1.0311180295180407
346,130.9458712920554,131.0283562920554,131.23018129205542,24,0.08248500000001968,0.008775000000000595,0.28431000000003337
347,131.4363632674294,131.48671826742944,131.65344326742945,20,0.050355000000024575,0.008775000000000725,0.21708000000003835
348,132.79290814494541,132.88673314494542,133.42200814494544,62,0.0938250000000096,0.00877500000000021,0.6291000000000224
349,133.1861564035642,133.49477314494544,133.85454814494545,42,0.3086167413812291,0.008775000000000324,0.6683917413812424
350,134.3813808849865,134.7751758849865,135.04720088498652,32,0.39379500000001144,0.008775000000000435,0.665820000000025
351,134.41842478331824,135.82319458665773,136.0065325352879,25,1.4047698033394909,0.007639081192923669,1.588107751969659
352,134.44140031558175,135.82319458665773,136.18987048391807,49,1.3817942710759894,0.007639081192923669,1.7484701683363255
353,134.8624641641596,135.82319458665773,136.2051486463039,51,0.9607304224981306,0.007639081192923527,1.342684482144307
354,134.92886065862953,135.82319458665773,135.99889345409497,24,0.8943339280282032,0.007639081192923206,1.070032795465437
355,135.53040339931243,136.84841761849202,136.98288675925417,19,1.318014219179588,0.007470507820119426,1.4524833599417377
356,135.87744938980202,136.84841761849202,137.1024148843761,35,0.9709682286899977,0.0074705078201196115,1.2249654945740645
357,135.91938038885755,136.84841761849202,137.10988539219622,36,0.9290372296344742,0.007470507820119922,1.1905050033386715
358,135.95473565927043,136.84841761849202,137.2891775798791,60,0.8936819592215954,0.00747050782011988,1.3344419206086684
359,136.09882202394718,136.84841761849202,137.22941351731814,52,0.7495955945448429,0.00747050782011989,1.1305914933709573
360,136.30306155116287,137.80271954637323,138.13021412640265,41,1.499657995210356,0.008187364500735584,1.8271525752397793
361,136.73112890722123,137.80271954637323,138.06471521039677,33,1.0715906391519923,0.008187364500735761,1.3335863031755366
362,140.6098098321102,140.6750148321102,141.1488648321102,55,0.06520500000002016,0.008774999999999977,0.5390550000000189
363,140.766830402926,141.22286581919613,141.6813582312373,57,0.4560354162701401,0.008187364500735381,0.9145278283113214
364,140.85506099199242,141.22286581919613,141.4193625672138,25,0.3678048272037131,0.008187364500736058,0.5643015752213785
365,141.38213313125104,142.27857751787548,142.77800675242034,62,0.896444386624438,0.008187364500735456,1.3958736211693008
366,141.48226744270613,142.27857751787548,143.2774359869652,123,0.7963100751693446,0.008187364500735456,1.7951685442590701
367,141.98590158748323,143.9983864415236,144.9150761846744,121,2.012484854040366,0.007639081192923432,2.929174597191178
368,142.0337400344627,143.9983864415236,144.15116806538205,21,1.964646407060883,0.007639081192922959,2.117428030919342
369,142.23645388411546,143.9983864415236,144.36506233878393,49,1.7619325574081302,0.007639081192923669,2.1286084546684663
370,143.21147906849114,143.9983864415236,144.3879795823627,52,0.7869073730324487,0.0076390811929237384,1.1765005138715594
371,143.8030312286742,145.0035011846744,145.1439011846744,17,1.2004699560002052,0.008774999999999977,1.3408699560002049
372,145.25500482907145,145.34261982907148,145.7725948290715,50,0.08761500000002798,0.008775000000000267,0.5175900000000411
373,145.65436603200655,145.8377998290715,146.23267482907153,46,0.1834337970649642,0.008775000000000293,0.5783087970649774
374,145.84318193650037,146.33270982907155,146.84165982907155,59,0.489527892571175,0.008774999999999977,0.9984778925711737
375,147.59954918328228,147.6752841832823,147.8420091832823,20,0.07573500000000877,0.008775000000000725,0.24246000000002255
376,147.96093631574757,148.01615131574758,148.3934763157476,44,0.05521500000000401,0.008775000000000309,0.43254000000001724
377,148.49691232207783,148.57318732207784,148.81888732207784,29,0.07627500000000964,0.008774999999999977,0.321975000000009
378,148.76348847416017,149.39847795980927,149.685035717335,36,0.6349894856491005,0.008187364500735482,0.9215472431748424
379,148.79155542562097,149.39847795980927,150.2827133258887,109,0.6069225341882998,0.008187364500735398,1.4911579002677229
380,149.2825153388831,150.88745416939375,151.4278202264423,67,1.6049388305106618,0.008187364500735518,2.145304887559206
381,149.3963159739499,150.88745416939375,151.2722603009283,48,1.4911381954438525,0.008187364500735326,1.8759443269784128
382,150.70959320843232,151.4860729538382,151.73169388886026,31,0.7764797454058794,0.008187364500735346,1.0221006804279398
383,151.30867146619005,151.4860729538382,151.83812962736982,44,0.17740148764815444,0.008187364500735369,0.5294581611797753
384,151.53475714579554,152.55989856887413,152.69740203034675,19,1.025141423078594,0.007639081192923274,1.162644884551213
385,151.67151358630278,152.55989856887413,152.972408953292,55,0.8883849825713526,0.007639081192923274,1.3008953669892094
386,151.72153695483357,152.55989856887413,152.7508755986972,26,0.838361614040565,0.007639081192922959,1.029338643863639
387,151.77045870852373,152.55989856887413,153.37728025651694,108,0.7894398603503987,0.007639081192923437,1.6068215479932064
388,152.99097945378963,153.46232853025109,153.66701264276946,26,0.4713490764614505,0.008187364500735157,0.6760331889798294
389,153.05345852025872,153.46232853025109,153.82257256828345,45,0.4088700099923699,0.008187364500735518,0.7691140480247327
390,153.3984102485287,153.88529122006906,154.26190998710288,47,0.4868809715403586,0.008187364500735182,0.863499738574177
391,153.75393551021926,153.88529122006906,154.27009735160362,48,0.1313557098497995,0.008187364500735326,0.5161618413843598
392,154.65400458320505,154.71488958320506,154.96058958320506,29,0.06088500000001318,0.008774999999999977,0.30658500000001254
393,154.7936835941004,155.00824458320508,155.16619458320508,19,0.21456098910468313,0.008774999999999977,0.3725109891046827
394,155.03560183648062,155.2516495832051,155.7430495832051,57,0.21604774672448457,0.008774999999999977,0.7074477467244833
395,155.39048498620568,155.80717458320512,156.23714958320514,50,0.4166895969994471,0.008775000000000267,0.8466645969994602
396,156.3881342162702,156.43983921627023,156.80838921627023,43,0.05170500000002676,0.008774999999999977,0.4202550000000258
397,157.16847280967423,157.23097780967424,157.76625280967426,62,0.0625050000000158,0.00877500000000021,0.5977800000000286
398,158.5294083984435,158.6016333984435,158.9350833984435,39,0.07222500000000309,0.008774999999999977,0.40567500000000223
399,159.3883362612814,159.43626126128143,159.88378626128144,52,0.047925000000020646,0.008775000000000257,0.4954500000000337
